id,user,ranking,rankingReason,priorUse,romanUrduUsage,urduScriptUsage,urduContexts,otherCommunication,accessDifficulty,urduContent,langaugeUse,langaugeAcq,birthYear,gender,feedback
1,1,"[""IME"", ""CRULP"", ""WINDOWS""]","Roman Keyboard was designed exactly in a way that I use regularly in my life. Phonetics one still made sense and made it easy to find words using their sound, But the WIndows' one was the most difficult to comprehend and use.","[""WINDOWS""]",Always,Sometimes,"Mainly WhatsApp messages","Urdu is my first language and I communicate in Urdu on daily basis.",Agree,"Mainly online articles and YouTube videos.","Urdu
English
Panjabi","Urdu
Panjabi
English",2006,Female,"No issue"
2,2,"[""IME"", ""CRULP"", ""WINDOWS""]","Ease of use. I found the first input system the easiest and most efficient to use. The last input system proved to be extremely cumbersome for me to follow. ","[""IME""]","Very Often",Sometimes,"Whatsapp messages","In person conversations, voice messages, written notes",Neutral,"Social media posts, digital poetry compilations, urdu podcasts","English - bilingual/native proficiency
Arabic (professional working proficiency)
Urdu (professional working proficiency) - mother tongue","Urdu
English
Arabic
",1982,Female,Nil
3,3,"[""IME"", ""CRULP"", ""WINDOWS""]","The roman urdu input was the easiest because I usually type in roman urdu.
The phonetic keyboard was my 2nd choice because it was easy to locate the urdu letters.
The frequency keyboard was my last choice because it was challenging to locate the letters at first.","[""WINDOWS""]","Very Often",Rarely,"whatsapp, messages","voice messages.",Neutral,"social media posts, videos, articles","English
Urdu
Swahili
","English
Urdu
Swahili",2002,Female,No
4,5,"[""IME"", ""CRULP"", ""WINDOWS""]","I am used to using roman writing. My speed also influenced my decision. 
CRULP makes sense that's why I could easily use it because it has coherence of English and Urdu phonics. ","[""CRULP""]","Very Often",Sometimes,"WhatsApp messages only","Yes, sometimes I use voice messages. ",Agree,"Poetry, YouTube videos","Urdu, English, Punjabi, Arabic (reading only)","Urdu, English, Punjabi, Arabic (reading only)",1974,Female,"Not applicable"
5,8,"[""CRULP"", ""IME"", ""WINDOWS""]","The best one is the CRULP because the roman alphabet pronunciation matches the sounds that the Urdu alphabet letter makes. 
I least liked the Windows frequency keyboard because that makes no sense. Having a keyboard arranged like that has its own patterns so no need to have the roman alphabet on the same key (it can just have the Urdu one).","[""CRULP""]",Sometimes,Sometimes,"WhatsApp only.","Yes, I speak Urdu on the phone, voice messages, etc. ","Strongly Agree","Stories, short quotes, TV shows, and movies.","English, Urdu, Spanish, and Punjabi. Sometimes need to read Arabic.","Urdu, Arabic (just need to read it, so doesn't take as much time to learn), English, Punjabi, Spanish.",2000,Female,n/a
6,9,"[""CRULP"", ""IME"", ""WINDOWS""]","I am used to the phonetic keyboard.  ","[""CRULP""]","Very Often","Very Often","My own website. On message platforms I tend to use Roman urdu.  ","No to electronic communication.  Conversation 50-50 urdu English.  ","Strongly Agree","Poetry website.  pdf books.  ","English, Urdu, Hindi, Telugu, Japanese, Faarsi.  ","Urdu, English, Hindi, Telugu, Faarsi, Japanese.  ",1944,Male,"None. "
7,10,"[""CRULP"", ""IME"", ""WINDOWS""]","Making it phonetics based is more logical and closer to how we write in Urdu. IME was a very very close second.","[""CRULP"", ""IME""]","Very Often",Sometimes,"Any messaging app or email.","Voice messages, talking in Urdu as it is my native language.","Strongly Agree","Messages, poetry, books in Urdu, newspaper for some urdu columnists. ","Urdu, English","Urdu, English",1983,M,"That last keyboard. UGH!"
8,11,"[""IME"", ""CRULP"", ""WINDOWS""]","Based on the closest sounds of the English letter to the Urdu letter that I was typing. I did not like the frequency based keyboard because it was not linked to phonetics at all and the letters that were the easiest to use were the ones that matched the phonetics in Urdu. ","[""CRULP""]","Very Often",Sometimes,"Whatsapp messages, Rekhta, online Urdu dictionaries","Voice messages and gifs/images of poetry","Strongly Disagree","Digital books, social media posts, newspapers (the Wire Urdu edition), Youtube videos","English - Urdu
Turkish
Japanese
French","Urdu
English
Sindhi (lost)
Arabic (Quran only at first, but I can read and write modern standard)
French
Japanese 
Turkish",1987,"Female (Not identifying as a woman)","I wish instead of typing sentences with the Urdu keyboard, we first started out by typing words so that we could have more time to get accustomed to the CRULP and frequency based keyboards and wouldn't struggle so much on the first 3-4 sentences"
9,12,"[""IME"", ""CRULP"", ""WINDOWS""]","i liked both the IME and CRULP a lot. I have prior experience with the CRULP, so part of is that I'm used to it. But it also seems intuitive to match the urdu letters to the english sounds. I think the reality is that most people type Urdu in romanized letters quite often while texting, so this system takes advantage of that. I didn't think I would like the IME, but it was surprisingly intuitive, and it took the ""texting Urdu"" to another level by making it easier to type roman and have it come out as Urdu. It was definitely clunky around certain Urdu sounds that aren't always pronounced, like 'ain, or around words that are borrowed into Urdu like ""Iliad."" But overall it was surprisingly easy to use. The windows one is good in theory, but because of the dominance of romanized Urdu in my personal use, it's too much of an initial input to learn the placement of the letters. It may work better for someone who uses Romanized Urdu less in their daily life.","[""CRULP""]","Very Often",Sometimes,"mostly whatsapp messages
i also study urdu, so i sometimes type both roman urdu and urdu script for my research (usually in a word document)","i speak Urdu on the phone with my mom",Agree,"online articles, rekhta.com","English
Punjabi
Urdu
Spanish
Gujarati
Hindi
Persian","English (native)
Urdu (learned as a teenager in university)
Gujarati (learned informally with family after acquiring urdu)
Hindi (learned informally/self taught)
Spanish (self taught)
Persian (learned in graduate classes and a summer immersion program)
Punjabi (learned from my in-laws and by living in Punjab for 6 months - now my primary language at home)",1986,female,""
10,13,"[""IME"", ""CRULP"", ""WINDOWS""]","The Roman Urdu input was the easiest to use, phonetic keyboard the second easiest and the frequency keyboard was the hardest to get a hang of.",[],Rarely,Never,"WhatsApp messages","Yes, voice messages",Disagree,"social media posts","English, Urdu, Hindi",Urdu,2001,Female,""
11,14,"[""CRULP"", ""IME"", ""WINDOWS""]","I prefer the phonetic one but with a few slight changes in the positions of the letters. ","[""CRULP""]",Rarely,Never,"google search for books ",rarely,Neutral,"books and academic literature ","English, French, Urdu, Arabic, ASL","Urdu, French, English, Arabic, ASL",1983,Male,none
12,17,"[""CRULP"", ""IME"", ""WINDOWS""]","The first keyboard is the most intuitive and what I normally use when typing Urdu, Hindi and other languages (French, Persian). The last was definitely the most counter-intuitive and difficult to master. The second is nice for the text prediction, but generally I don't use text prediction, even in my English typing. ","[""CRULP""]",Sometimes,"Very Often","messages to family- roman
research- Urdu script","yes, I speak it frequently, often leave voice messages and sometimes video messages","Strongly Agree","Rekhta
Digital books
YouTube videos
BBc Urdu
Social media- Instagram posts/ reels","English
Urdu
Hindi
French
Persian/ Dari
Spanish","English
Urdu/Hindi
Spanish
Persian/ Dari
French",1991,Female,"some technical issues using safari, especially with contacts automatically loading."
13,19,"[""IME"", ""CRULP"", ""WINDOWS""]","IME was the most easiest keyboard as i usually talk in just roman urdu so it was quiet easy
it was then CRULP cause the alphabets were related so it was also a bit easier than the windows one
the windows one was  byfar the hardest and the most confusing one as it didnt really make that sense and it was also pretty confusing as ive said before","[""IME""]","Very Often",Rarely,"whatsapp, instagram, and just snapchat","yes most of tne voicenotes i send are in urdu ",Neutral,"some social media posts and online articles as well as a few books","english, probably cause our curriculum is mostly in english and i find it easy and comfortable
urdu, its mostly spoken in our society as well as country so thats why im used to it
punjabi, i guess you could say cause i grew up with alot of family members speaking it i kinda i git used to it
ASL, one of my friend was deaf so i just learned a few commonly used words","urdu
punjabi
english
ASL",2009,male,"in the last keyboard when i wrote the last word it didnt give me the proper opportunity to add a fullstop it just added a space and it was kinda annoying"
14,21,"[""CRULP"", ""IME"", ""WINDOWS""]","The Urdu phonetic one is the best as it doesn't put stress on memory more followed by the Roman one. The last one is very stressful because it requires more searching exercise. ","[""CRULP""]",Never,Always,"Documents, emails, and WhatsApp messages.",Yes.,"Strongly Agree","Newspapers, social media posts, digital books, and online articles.","English, Hindi, and Urdu.","Urdu, Hindi and English, Persian and Arabic",1969,Male,"Not really"
15,24,"[""IME"", ""CRULP"", ""WINDOWS""]","Its easy to use the first one cuz its normally used and for the second one if we look to the proper urdu keyboard with urdu alphabets then its quite easy to understand that which word sound which urdu alphabet or word and third one is quite hard to understand you've to properly look at the words .","[""IME""]",Always,Sometimes,"I usually use it for whatsapp messages or some blogs.","Yes i do",Agree,"Mostly in newspapers and in whatsapp messages or some social media posts. ","English ( mostly used for some texts or social media platforms)
Urdu ( the most common language in which we communicate with each other in our society )
Punjabi ( its my mother tongue my family speaks in it when we communicate with each other )
Pashto ( some of my friends are pashto speaking so i learnt a lil bit from them )","Punjabi 
Urdu
English
Pashto",2006,Female,""
16,26,"[""IME"", ""CRULP"", ""WINDOWS""]","ime is more easy to use","[""IME""]",Sometimes,Always,"moslty whatsapp messeges",yes,Agree,"digital books ","urdu
punjabi
english","punjabi
urdu 
english",2001,female,""
17,27,"[""IME"", ""CRULP"", ""WINDOWS""]","I prefer the Roman keyboard the most because I usually type Urdu with the English keyboard, so writing that way and being able to choose the correct Urdu word I mean is convenient and easy. On my phone, I use a similar UR-EN keyboard available in GBoard (Google Board) that allows you to write using the English keyboard and detects which Urdu word you wrote (or you can choose from the list).
The phonetic keyboard is the one I usually use to write Urdu on laptop/PC. It's easy as each English letter maps to the corresponding Urdu one with the same sound.
The Windows keyboard is very difficult to get the hang of. I used it a long time ago and it would always confuse me, because I type Arabic as well, and I am more used to typing that, and the letter mappings for the Windows Arabic 101 keyboard and the Windows Urdu keyboard are different, so I would always get mixed up between them.","[""CRULP"", ""IME"", ""WINDOWS""]",Always,Sometimes,"Mostly social media. Whatsapp, discord, twitter","Yes I speak Urdu with friends and family, either directly or on the phone or voice messages.",Neutral,"I usually read some news in Urdu, watch some Urdu speaking Youtubers, read a few books.
A lot of Urdu content is available online, as long as you know where to look. News websites e.g. Jang, and others. There's a forum/blog, I forgot what it's called but I think Urduone? Urdublog? There are websites where you can download scans of Urdu books too. Urdu video content is also available on YouTube from Urdu speaking content creators. Some people post on social media in Urdu as well.
But it is still generally much less available as compared to content in English.","English - everywhere; from online to school to work
Urdu - friends and family, online
Punjabi - mostly family
Arabic - friends, sometimes online too
","Punjabi - mother tongue, but learnt it later
Urdu - I'm Pakistani so I know Urdu
English - learnt when I was very young
Arabic - learnt Arabic when I was around 17",2002,Male,""
18,28,"[""IME"", ""CRULP"", ""WINDOWS""]","In terms of ease in learning the keyboard and writing.",[],Always,Never,Texting,"Yes: in person, voice messaging","Strongly Agree","podcasts, newspaper, social media content, texts, digital books, videos","Urdu, English","Urdu, English",1972,Female,"The learning curve for some keyboards was difficult but got easier with time, but no issues with the experiment itself. "
