,user,condition,performance,stim,uid,gls_id,bin,code
0,1,baseline,2526.66666666667,1,1,0,0,0_1
1,1,baseline,2540.3,2,1,0,0,0_2
2,1,baseline,2813.11111111111,3,1,0,0,0_3
3,1,baseline,2447.2,4,1,0,0,0_4
4,1,baseline,2544.33333333333,5,1,0,0,0_5
5,1,baseline,2571.0,6,1,0,0,0_6
6,1,baseline,2445.22222222222,7,1,0,0,0_7
7,1,baseline,3330.5,8,1,0,0,0_8
8,1,crulp,9288.2,1,1,0,1,1_1
9,1,crulp,8382.875,2,1,0,1,1_2
10,1,crulp,7610.6,3,1,0,1,1_3
11,1,crulp,11022.0,4,1,0,1,1_4
12,1,crulp,10534.5555555556,5,1,0,1,1_5
13,1,crulp,10497.5,6,1,0,1,1_6
14,1,crulp,7372.5,7,1,0,1,1_7
15,1,crulp,5491.25,8,1,0,1,1_8
16,1,ime,8568.2,1,1,0,2,2_1
17,1,ime,6478.27272727273,2,1,0,2,2_2
18,1,ime,3765.33333333333,3,1,0,2,2_3
19,1,ime,3251.375,4,1,0,2,2_4
20,1,ime,2625.875,5,1,0,2,2_5
21,1,ime,2807.09090909091,6,1,0,2,2_6
22,1,ime,4858.44444444444,7,1,0,2,2_7
23,1,ime,4853.45454545455,8,1,0,2,2_8
24,1,windows,14968.6,1,1,0,3,3_1
25,1,windows,12835.3333333333,2,1,0,3,3_2
26,1,windows,15144.3636363636,3,1,0,3,3_3
27,1,windows,12333.6666666667,4,1,0,3,3_4
28,1,windows,15799.8,5,1,0,3,3_5
29,1,windows,13653.125,6,1,0,3,3_6
30,1,windows,12544.1,7,1,0,3,3_7
31,1,windows,16484.0,8,1,0,3,3_8
32,5,baseline,4172.66666666667,1,5,1,0,0_1
33,5,baseline,3516.1,2,5,1,0,0_2
34,5,baseline,3344.22222222222,3,5,1,0,0_3
35,5,baseline,4284.1,4,5,1,0,0_4
36,5,baseline,3523.16666666667,5,5,1,0,0_5
37,5,baseline,3167.55555555556,6,5,1,0,0_6
38,5,baseline,3490.22222222222,7,5,1,0,0_7
39,5,baseline,4093.1,8,5,1,0,0_8
40,5,ime,4299.9,1,5,1,3,3_1
41,5,ime,4341.77777777778,2,5,1,3,3_2
42,5,ime,5108.54545454545,3,5,1,3,3_3
43,5,ime,3784.44444444444,4,5,1,3,3_4
44,5,ime,7356.2,5,5,1,3,3_5
45,5,ime,3317.125,6,5,1,3,3_6
46,5,ime,3579.9,7,5,1,3,3_7
47,5,ime,5530.7,8,5,1,3,3_8
48,5,windows,13122.7,1,5,1,1,1_1
49,5,windows,16167.375,2,5,1,1,1_2
50,5,windows,9232.8,3,5,1,1,1_3
51,5,windows,14088.0909090909,4,5,1,1,1_4
52,5,windows,13319.2222222222,5,5,1,1,1_5
53,5,windows,10588.75,6,5,1,1,1_6
54,5,windows,9660.8,7,5,1,1,1_7
55,5,windows,7957.5,8,5,1,1,1_8
56,5,crulp,7248.0,1,5,1,2,2_1
57,5,crulp,6255.36363636364,2,5,1,2,2_2
58,5,crulp,6942.22222222222,3,5,1,2,2_3
59,5,crulp,6037.75,4,5,1,2,2_4
60,5,crulp,5031.25,5,5,1,2,2_5
61,5,crulp,7498.45454545455,6,5,1,2,2_6
62,5,crulp,7341.55555555556,7,5,1,2,2_7
63,5,crulp,6224.81818181818,8,5,1,2,2_8
64,8,baseline,2028.33333333333,1,8,0,0,0_1
65,8,baseline,1568.1,2,8,0,0,0_2
66,8,baseline,1759.55555555556,3,8,0,0,0_3
67,8,baseline,1988.1,4,8,0,0,0_4
68,8,baseline,1804.66666666667,5,8,0,0,0_5
69,8,baseline,1817.88888888889,6,8,0,0,0_6
70,8,baseline,1572.33333333333,7,8,0,0,0_7
71,8,baseline,2963.0,8,8,0,0,0_8
72,8,crulp,8311.0,1,8,0,1,1_1
73,8,crulp,5697.875,2,8,0,1,1_2
74,8,crulp,7051.8,3,8,0,1,1_3
75,8,crulp,6876.0,4,8,0,1,1_4
76,8,crulp,7534.22222222222,5,8,0,1,1_5
77,8,crulp,8274.0,6,8,0,1,1_6
78,8,crulp,5668.8,7,8,0,1,1_7
79,8,crulp,2732.0,8,8,0,1,1_8
80,8,ime,7268.2,1,8,0,2,2_1
81,8,ime,5890.81818181818,2,8,0,2,2_2
82,8,ime,3826.22222222222,3,8,0,2,2_3
83,8,ime,5142.125,4,8,0,2,2_4
84,8,ime,4484.0,5,8,0,2,2_5
85,8,ime,6005.72727272727,6,8,0,2,2_6
86,8,ime,5936.77777777778,7,8,0,2,2_7
87,8,ime,5962.90909090909,8,8,0,2,2_8
88,8,windows,11136.6,1,8,0,3,3_1
89,8,windows,12163.5555555556,2,8,0,3,3_2
90,8,windows,11042.0,3,8,0,3,3_3
91,8,windows,12614.1111111111,4,8,0,3,3_4
92,8,windows,13157.8,5,8,0,3,3_5
93,8,windows,10115.125,6,8,0,3,3_6
94,8,windows,10654.5,7,8,0,3,3_7
95,8,windows,12016.7,8,8,0,3,3_8
96,10,baseline,1795.0,1,10,0,0,0_1
97,10,baseline,1281.7,2,10,0,0,0_2
98,10,baseline,1226.88888888889,3,10,0,0,0_3
99,10,baseline,1541.7,4,10,0,0,0_4
100,10,baseline,1646.66666666667,5,10,0,0,0_5
101,10,baseline,1264.11111111111,6,10,0,0,0_6
102,10,baseline,1515.77777777778,7,10,0,0,0_7
103,10,baseline,1636.8,8,10,0,0,0_8
104,10,crulp,3572.2,1,10,0,1,1_1
105,10,crulp,2918.375,2,10,0,1,1_2
106,10,crulp,3696.2,3,10,0,1,1_3
107,10,crulp,5753.54545454545,4,10,0,1,1_4
108,10,crulp,6625.0,5,10,0,1,1_5
109,10,crulp,5371.25,6,10,0,1,1_6
110,10,crulp,3346.4,7,10,0,1,1_7
111,10,crulp,1765.875,8,10,0,1,1_8
112,10,ime,8762.66666666667,1,10,0,2,2_1
113,10,ime,6108.45454545455,2,10,0,2,2_2
114,10,ime,3105.88888888889,3,10,0,2,2_3
115,10,ime,5556.0,4,10,0,2,2_4
116,10,ime,1803.125,5,10,0,2,2_5
117,10,ime,3735.18181818182,6,10,0,2,2_6
118,10,ime,2048.0,7,10,0,2,2_7
119,10,ime,4009.54545454545,8,10,0,2,2_8
120,10,windows,14217.0,1,10,0,3,3_1
121,10,windows,14352.0,2,10,0,3,3_2
122,10,windows,22251.6363636364,3,10,0,3,3_3
123,10,windows,20699.8888888889,4,10,0,3,3_4
124,10,windows,17782.5,5,10,0,3,3_5
125,10,windows,17469.125,6,10,0,3,3_6
126,10,windows,15161.7,7,10,0,3,3_7
127,10,windows,17295.4,8,10,0,3,3_8
128,12,baseline,1568.66666666667,1,12,2,0,0_1
129,12,baseline,808.9,2,12,2,0,0_2
130,12,baseline,1113.77777777778,3,12,2,0,0_3
131,12,baseline,870.0,4,12,2,0,0_4
132,12,baseline,1319.0,5,12,2,0,0_5
133,12,baseline,962.111111111111,6,12,2,0,0_6
134,12,baseline,991.222222222222,7,12,2,0,0_7
135,12,baseline,1282.9,8,12,2,0,0_8
136,12,windows,9118.66666666667,1,12,2,2,2_1
137,12,windows,8467.81818181818,2,12,2,2,2_2
138,12,windows,8538.0,3,12,2,2,2_3
139,12,windows,4911.5,4,12,2,2,2_4
140,12,windows,6015.875,5,12,2,2,2_5
141,12,windows,7277.81818181818,6,12,2,2,2_6
142,12,windows,6252.77777777778,7,12,2,2,2_7
143,12,windows,7017.90909090909,8,12,2,2,2_8
144,12,crulp,3074.4,1,12,2,3,3_1
145,12,crulp,3123.11111111111,2,12,2,3,3_2
146,12,crulp,5840.90909090909,3,12,2,3,3_3
147,12,crulp,4937.77777777778,4,12,2,3,3_4
148,12,crulp,5642.6,5,12,2,3,3_5
149,12,crulp,3565.5,6,12,2,3,3_6
150,12,crulp,4845.1,7,12,2,3,3_7
151,12,crulp,4691.8,8,12,2,3,3_8
152,12,ime,6311.3,1,12,2,1,1_1
153,12,ime,4314.375,2,12,2,1,1_2
154,12,ime,3908.9,3,12,2,1,1_3
155,12,ime,17964.1818181818,4,12,2,1,1_4
156,12,ime,5151.55555555556,5,12,2,1,1_5
157,12,ime,5387.625,6,12,2,1,1_6
158,12,ime,5482.9,7,12,2,1,1_7
159,12,ime,1579.0,8,12,2,1,1_8
160,14,baseline,2820.33333333333,1,14,1,0,0_1
161,14,baseline,2365.7,2,14,1,0,0_2
162,14,baseline,2932.66666666667,3,14,1,0,0_3
163,14,baseline,2821.0,4,14,1,0,0_4
164,14,baseline,3185.5,5,14,1,0,0_5
165,14,baseline,2458.11111111111,6,14,1,0,0_6
166,14,baseline,2362.88888888889,7,14,1,0,0_7
167,14,baseline,2636.9,8,14,1,0,0_8
168,14,ime,4624.0,1,14,1,3,3_1
169,14,ime,9805.22222222222,2,14,1,3,3_2
170,14,ime,5118.54545454545,3,14,1,3,3_3
171,14,ime,4949.44444444444,4,14,1,3,3_4
172,14,ime,6648.1,5,14,1,3,3_5
173,14,ime,6752.125,6,14,1,3,3_6
174,14,ime,4533.4,7,14,1,3,3_7
175,14,ime,6643.0,8,14,1,3,3_8
176,14,windows,13186.8,1,14,1,1,1_1
177,14,windows,17007.25,2,14,1,1,1_2
178,14,windows,12215.3,3,14,1,1,1_3
179,14,windows,18872.3636363636,4,14,1,1,1_4
180,14,windows,16580.7777777778,5,14,1,1,1_5
181,14,windows,14175.625,6,14,1,1,1_6
182,14,windows,9362.9,7,14,1,1,1_7
183,14,windows,6803.0,8,14,1,1,1_8
184,14,crulp,9539.44444444445,1,14,1,2,2_1
185,14,crulp,6292.18181818182,2,14,1,2,2_2
186,14,crulp,5124.77777777778,3,14,1,2,2_3
187,14,crulp,6939.125,4,14,1,2,2_4
188,14,crulp,4303.875,5,14,1,2,2_5
189,14,crulp,7652.45454545455,6,14,1,2,2_6
190,14,crulp,7873.66666666667,7,14,1,2,2_7
191,14,crulp,4989.0,8,14,1,2,2_8
192,15,baseline,4288.33333333333,1,15,2,0,0_1
193,15,baseline,3409.6,2,15,2,0,0_2
194,15,baseline,3225.88888888889,3,15,2,0,0_3
195,15,baseline,2860.1,4,15,2,0,0_4
196,15,baseline,4107.16666666667,5,15,2,0,0_5
197,15,baseline,3398.77777777778,6,15,2,0,0_6
198,15,baseline,3790.33333333333,7,15,2,0,0_7
199,15,baseline,3319.3,8,15,2,0,0_8
200,15,windows,17288.3333333333,1,15,2,2,2_1
201,15,windows,13388.5454545455,2,15,2,2,2_2
202,15,windows,15240.4444444444,3,15,2,2,2_3
203,15,windows,10629.25,4,15,2,2,2_4
204,15,windows,8448.375,5,15,2,2,2_5
205,15,windows,15912.1818181818,6,15,2,2,2_6
206,15,windows,14714.2222222222,7,15,2,2,2_7
207,15,windows,16342.1818181818,8,15,2,2,2_8
208,15,crulp,10020.1,1,15,2,3,3_1
209,15,crulp,9829.55555555555,2,15,2,3,3_2
210,15,crulp,10039.0,3,15,2,3,3_3
211,15,crulp,10228.2222222222,4,15,2,3,3_4
212,15,crulp,9303.5,5,15,2,3,3_5
213,15,crulp,7121.0,6,15,2,3,3_6
214,15,crulp,7367.5,7,15,2,3,3_7
215,15,crulp,9260.2,8,15,2,3,3_8
216,15,ime,9954.6,1,15,2,1,1_1
217,15,ime,7423.0,2,15,2,1,1_2
218,15,ime,7550.6,3,15,2,1,1_3
219,15,ime,12392.2727272727,4,15,2,1,1_4
220,15,ime,7140.66666666667,5,15,2,1,1_5
221,15,ime,10241.375,6,15,2,1,1_6
222,15,ime,4808.9,7,15,2,1,1_7
223,15,ime,4959.875,8,15,2,1,1_8
224,17,baseline,1844.83333333333,1,17,0,0,0_1
225,17,baseline,2114.5,2,17,0,0,0_2
226,17,baseline,1275.44444444444,3,17,0,0,0_3
227,17,baseline,1218.9,4,17,0,0,0_4
228,17,baseline,1399.33333333333,5,17,0,0,0_5
229,17,baseline,1266.77777777778,6,17,0,0,0_6
230,17,baseline,1152.33333333333,7,17,0,0,0_7
231,17,baseline,1466.0,8,17,0,0,0_8
232,17,crulp,3185.9,1,17,0,1,1_1
233,17,crulp,3059.625,2,17,0,1,1_2
234,17,crulp,2388.8,3,17,0,1,1_3
235,17,crulp,2965.54545454545,4,17,0,1,1_4
236,17,crulp,3321.11111111111,5,17,0,1,1_5
237,17,crulp,3082.875,6,17,0,1,1_6
238,17,crulp,2938.9,7,17,0,1,1_7
239,17,crulp,2074.125,8,17,0,1,1_8
240,17,ime,17019.7777777778,1,17,0,2,2_1
241,17,ime,7455.27272727273,2,17,0,2,2_2
242,17,ime,3026.66666666667,3,17,0,2,2_3
243,17,ime,7116.125,4,17,0,2,2_4
244,17,ime,2511.5,5,17,0,2,2_5
245,17,ime,7701.45454545455,6,17,0,2,2_6
246,17,ime,5112.77777777778,7,17,0,2,2_7
247,17,ime,4198.63636363636,8,17,0,2,2_8
248,17,windows,14320.6,1,17,0,3,3_1
249,17,windows,11265.6666666667,2,17,0,3,3_2
250,17,windows,11995.5454545455,3,17,0,3,3_3
251,17,windows,10298.2222222222,4,17,0,3,3_4
252,17,windows,11847.6,5,17,0,3,3_5
253,17,windows,11125.875,6,17,0,3,3_6
254,17,windows,9023.3,7,17,0,3,3_7
255,17,windows,12494.6,8,17,0,3,3_8
256,19,baseline,3114.83333333333,1,19,2,0,0_1
257,19,baseline,3314.6,2,19,2,0,0_2
258,19,baseline,2760.22222222222,3,19,2,0,0_3
259,19,baseline,2682.8,4,19,2,0,0_4
260,19,baseline,3178.0,5,19,2,0,0_5
261,19,baseline,2646.33333333333,6,19,2,0,0_6
262,19,baseline,3228.66666666667,7,19,2,0,0_7
263,19,baseline,3598.3,8,19,2,0,0_8
264,19,windows,8948.33333333333,1,19,2,2,2_1
265,19,windows,12495.0,2,19,2,2,2_2
266,19,windows,8463.44444444445,3,19,2,2,2_3
267,19,windows,8542.75,4,19,2,2,2_4
268,19,windows,7544.625,5,19,2,2,2_5
269,19,windows,9244.09090909091,6,19,2,2,2_6
270,19,windows,6332.77777777778,7,19,2,2,2_7
271,19,windows,9818.81818181818,8,19,2,2,2_8
272,19,crulp,3954.5,1,19,2,3,3_1
273,19,crulp,7134.44444444444,2,19,2,3,3_2
274,19,crulp,8424.72727272727,3,19,2,3,3_3
275,19,crulp,6575.11111111111,4,19,2,3,3_4
276,19,crulp,7396.3,5,19,2,3,3_5
277,19,crulp,6160.75,6,19,2,3,3_6
278,19,crulp,5585.7,7,19,2,3,3_7
279,19,crulp,7426.3,8,19,2,3,3_8
280,19,ime,5867.3,1,19,2,1,1_1
281,19,ime,5005.625,2,19,2,1,1_2
282,19,ime,3532.7,3,19,2,1,1_3
283,19,ime,8403.09090909091,4,19,2,1,1_4
284,19,ime,5211.33333333333,5,19,2,1,1_5
285,19,ime,10189.75,6,19,2,1,1_6
286,19,ime,3464.0,7,19,2,1,1_7
287,19,ime,1850.0,8,19,2,1,1_8
288,21,baseline,3232.0,1,21,1,0,0_1
289,21,baseline,3364.0,2,21,1,0,0_2
290,21,baseline,2830.66666666667,3,21,1,0,0_3
291,21,baseline,3441.4,4,21,1,0,0_4
292,21,baseline,2769.33333333333,5,21,1,0,0_5
293,21,baseline,2954.77777777778,6,21,1,0,0_6
294,21,baseline,2761.0,7,21,1,0,0_7
295,21,baseline,5937.7,8,21,1,0,0_8
296,21,ime,9149.2,1,21,1,3,3_1
297,21,ime,9751.77777777778,2,21,1,3,3_2
298,21,ime,9600.63636363636,3,21,1,3,3_3
299,21,ime,6731.44444444444,4,21,1,3,3_4
300,21,ime,27711.1,5,21,1,3,3_5
301,21,ime,8351.25,6,21,1,3,3_6
302,21,ime,8593.2,7,21,1,3,3_7
303,21,ime,11105.3,8,21,1,3,3_8
304,21,windows,22431.3,1,21,1,1,1_1
305,21,windows,16197.875,2,21,1,1,1_2
306,21,windows,14918.2,3,21,1,1,1_3
307,21,windows,21963.7272727273,4,21,1,1,1_4
308,21,windows,24424.2222222222,5,21,1,1,1_5
309,21,windows,15009.375,6,21,1,1,1_6
310,21,windows,16380.7,7,21,1,1,1_7
311,21,windows,8286.0,8,21,1,1,1_8
312,21,crulp,4949.77777777778,1,21,1,2,2_1
313,21,crulp,4045.27272727273,2,21,1,2,2_2
314,21,crulp,2509.55555555556,3,21,1,2,2_3
315,21,crulp,3107.125,4,21,1,2,2_4
316,21,crulp,2308.375,5,21,1,2,2_5
317,21,crulp,5425.0,6,21,1,2,2_6
318,21,crulp,3964.0,7,21,1,2,2_7
319,21,crulp,3139.72727272727,8,21,1,2,2_8
320,23,baseline,1919.83333333333,1,23,1,0,0_1
321,23,baseline,1938.3,2,23,1,0,0_2
322,23,baseline,1743.66666666667,3,23,1,0,0_3
323,23,baseline,2038.7,4,23,1,0,0_4
324,23,baseline,2416.5,5,23,1,0,0_5
325,23,baseline,2002.55555555556,6,23,1,0,0_6
326,23,baseline,2079.66666666667,7,23,1,0,0_7
327,23,baseline,1910.1,8,23,1,0,0_8
328,23,ime,6576.2,1,23,1,3,3_1
329,23,ime,5154.0,2,23,1,3,3_2
330,23,ime,5373.72727272727,3,23,1,3,3_3
331,23,ime,4415.11111111111,4,23,1,3,3_4
332,23,ime,6313.7,5,23,1,3,3_5
333,23,ime,3580.375,6,23,1,3,3_6
334,23,ime,2882.6,7,23,1,3,3_7
335,23,ime,4199.9,8,23,1,3,3_8
336,23,windows,9410.5,1,23,1,1,1_1
337,23,windows,10032.625,2,23,1,1,1_2
338,23,windows,6966.4,3,23,1,1,1_3
339,23,windows,9391.90909090909,4,23,1,1,1_4
340,23,windows,10990.6666666667,5,23,1,1,1_5
341,23,windows,9334.375,6,23,1,1,1_6
342,23,windows,8471.3,7,23,1,1,1_7
343,23,windows,4945.0,8,23,1,1,1_8
344,23,crulp,7424.66666666667,1,23,1,2,2_1
345,23,crulp,7666.18181818182,2,23,1,2,2_2
346,23,crulp,5102.55555555556,3,23,1,2,2_3
347,23,crulp,5364.75,4,23,1,2,2_4
348,23,crulp,4559.0,5,23,1,2,2_5
349,23,crulp,6091.90909090909,6,23,1,2,2_6
350,23,crulp,7068.0,7,23,1,2,2_7
351,23,crulp,5543.72727272727,8,23,1,2,2_8
352,24,baseline,3841.5,1,24,2,0,0_1
353,24,baseline,3377.2,2,24,2,0,0_2
354,24,baseline,3580.88888888889,3,24,2,0,0_3
355,24,baseline,2990.0,4,24,2,0,0_4
356,24,baseline,3322.83333333333,5,24,2,0,0_5
357,24,baseline,3127.66666666667,6,24,2,0,0_6
358,24,baseline,3480.66666666667,7,24,2,0,0_7
359,24,baseline,3973.8,8,24,2,0,0_8
360,24,windows,11850.5555555556,1,24,2,2,2_1
361,24,windows,10276.7272727273,2,24,2,2,2_2
362,24,windows,10310.1111111111,3,24,2,2,2_3
363,24,windows,7921.25,4,24,2,2,2_4
364,24,windows,6958.625,5,24,2,2,2_5
365,24,windows,11346.0,6,24,2,2,2_6
366,24,windows,6538.66666666667,7,24,2,2,2_7
367,24,windows,8315.72727272727,8,24,2,2,2_8
368,24,crulp,5390.1,1,24,2,3,3_1
369,24,crulp,6674.55555555556,2,24,2,3,3_2
370,24,crulp,7664.63636363636,3,24,2,3,3_3
371,24,crulp,8420.22222222222,4,24,2,3,3_4
372,24,crulp,6779.9,5,24,2,3,3_5
373,24,crulp,5030.375,6,24,2,3,3_6
374,24,crulp,5974.0,7,24,2,3,3_7
375,24,crulp,7095.4,8,24,2,3,3_8
376,24,ime,29066.4,1,24,2,1,1_1
377,24,ime,6154.625,2,24,2,1,1_2
378,24,ime,7919.4,3,24,2,1,1_3
379,24,ime,12710.8181818182,4,24,2,1,1_4
380,24,ime,8663.33333333333,5,24,2,1,1_5
381,24,ime,13070.125,6,24,2,1,1_6
382,24,ime,3877.9,7,24,2,1,1_7
383,24,ime,5120.0,8,24,2,1,1_8
384,26,baseline,4191.83333333333,1,26,0,0,0_1
385,26,baseline,4082.0,2,26,0,0,0_2
386,26,baseline,4077.44444444444,3,26,0,0,0_3
387,26,baseline,4089.6,4,26,0,0,0_4
388,26,baseline,5084.33333333333,5,26,0,0,0_5
389,26,baseline,4684.88888888889,6,26,0,0,0_6
390,26,baseline,3524.77777777778,7,26,0,0,0_7
391,26,baseline,4947.6,8,26,0,0,0_8
392,26,crulp,13605.2,1,26,0,1,1_1
393,26,crulp,11195.0,2,26,0,1,1_2
394,26,crulp,11083.4,3,26,0,1,1_3
395,26,crulp,17001.9090909091,4,26,0,1,1_4
396,26,crulp,15168.4444444444,5,26,0,1,1_5
397,26,crulp,12766.5,6,26,0,1,1_6
398,26,crulp,10326.2,7,26,0,1,1_7
399,26,crulp,5748.625,8,26,0,1,1_8
400,26,ime,14571.6666666667,1,26,0,2,2_1
401,26,ime,22909.9090909091,2,26,0,2,2_2
402,26,ime,4781.44444444444,3,26,0,2,2_3
403,26,ime,14918.375,4,26,0,2,2_4
404,26,ime,6384.625,5,26,0,2,2_5
405,26,ime,13260.2727272727,6,26,0,2,2_6
406,26,ime,6495.22222222222,7,26,0,2,2_7
407,26,ime,9370.54545454545,8,26,0,2,2_8
408,26,windows,17119.4,1,26,0,3,3_1
409,26,windows,21818.1111111111,2,26,0,3,3_2
410,26,windows,22854.5454545455,3,26,0,3,3_3
411,26,windows,35255.3333333333,4,26,0,3,3_4
412,26,windows,21260.6,5,26,0,3,3_5
413,26,windows,16464.375,6,26,0,3,3_6
414,26,windows,17371.9,7,26,0,3,3_7
415,26,windows,19559.4,8,26,0,3,3_8
416,27,baseline,1781.5,1,27,1,0,0_1
417,27,baseline,1121.8,2,27,1,0,0_2
418,27,baseline,1305.88888888889,3,27,1,0,0_3
419,27,baseline,966.8,4,27,1,0,0_4
420,27,baseline,1528.83333333333,5,27,1,0,0_5
421,27,baseline,1394.55555555556,6,27,1,0,0_6
422,27,baseline,1265.66666666667,7,27,1,0,0_7
423,27,baseline,1782.7,8,27,1,0,0_8
424,27,ime,2820.0,1,27,1,3,3_1
425,27,ime,2602.66666666667,2,27,1,3,3_2
426,27,ime,3616.09090909091,3,27,1,3,3_3
427,27,ime,2227.33333333333,4,27,1,3,3_4
428,27,ime,2674.8,5,27,1,3,3_5
429,27,ime,2582.25,6,27,1,3,3_6
430,27,ime,2278.1,7,27,1,3,3_7
431,27,ime,4780.0,8,27,1,3,3_8
432,27,windows,8749.0,1,27,1,1,1_1
433,27,windows,9237.375,2,27,1,1,1_2
434,27,windows,9029.7,3,27,1,1,1_3
435,27,windows,12311.3636363636,4,27,1,1,1_4
436,27,windows,11980.5555555556,5,27,1,1,1_5
437,27,windows,11820.5,6,27,1,1,1_6
438,27,windows,9375.3,7,27,1,1,1_7
439,27,windows,6473.875,8,27,1,1,1_8
440,27,crulp,3308.22222222222,1,27,1,2,2_1
441,27,crulp,3540.45454545455,2,27,1,2,2_2
442,27,crulp,2626.44444444444,3,27,1,2,2_3
443,27,crulp,2281.125,4,27,1,2,2_4
444,27,crulp,2895.25,5,27,1,2,2_5
445,27,crulp,3491.90909090909,6,27,1,2,2_6
446,27,crulp,3379.55555555556,7,27,1,2,2_7
447,27,crulp,3476.36363636364,8,27,1,2,2_8
448,28,baseline,4705.66666666667,1,28,2,0,0_1
449,28,baseline,4353.5,2,28,2,0,0_2
450,28,baseline,4272.55555555556,3,28,2,0,0_3
451,28,baseline,5074.5,4,28,2,0,0_4
452,28,baseline,4991.16666666667,5,28,2,0,0_5
453,28,baseline,3797.88888888889,6,28,2,0,0_6
454,28,baseline,5186.22222222222,7,28,2,0,0_7
455,28,baseline,5264.4,8,28,2,0,0_8
456,28,windows,35803.2222222222,1,28,2,2,2_1
457,28,windows,27286.6363636364,2,28,2,2,2_2
458,28,windows,19756.6666666667,3,28,2,2,2_3
459,28,windows,15692.875,4,28,2,2,2_4
460,28,windows,15479.375,5,28,2,2,2_5
461,28,windows,27882.8181818182,6,28,2,2,2_6
462,28,windows,16044.0,7,28,2,2,2_7
463,28,windows,36422.9090909091,8,28,2,2,2_8
464,28,crulp,10076.0,1,28,2,3,3_1
465,28,crulp,15008.0,2,28,2,3,3_2
466,28,crulp,13038.0,3,28,2,3,3_3
467,28,crulp,17520.5555555556,4,28,2,3,3_4
468,28,crulp,16468.2,5,28,2,3,3_5
469,28,crulp,11218.125,6,28,2,3,3_6
470,28,crulp,11004.0,7,28,2,3,3_7
471,28,crulp,15749.2,8,28,2,3,3_8
472,28,ime,12866.2,1,28,2,1,1_1
473,28,ime,10256.375,2,28,2,1,1_2
474,28,ime,9033.0,3,28,2,1,1_3
475,28,ime,34393.1818181818,4,28,2,1,1_4
476,28,ime,19364.0,5,28,2,1,1_5
477,28,ime,24034.5,6,28,2,1,1_6
478,28,ime,12843.2,7,28,2,1,1_7
479,28,ime,5658.125,8,28,2,1,1_8
